experimentPhase,trialnum,subject,task,noisePercent,targetLeftRightIfOne,streamsPerRing,whichStreamEachCue,resp0,button0,cuePos0,ansResp0,corrResp0,whichStreamResp0,whichRespCue0,respPosRelative0,resp1,button1,cuePos1,ansResp1,corrResp1,whichStreamResp1,whichRespCue1,respPosRelative1,resp2,button2,cuePos2,ansResp2,corrResp2,whichStreamResp2,whichRespCue2,respPosRelative2,ltrSequenceStream0,ltrSequenceStream1,ltrSequenceStream2,timingBlips,file,SOA,numTargets,corrStrm0,corrStrm1,corrStrm2,pCorrAll
main,0,Hubert,allCued,0,left,3,"[1, 0, 2]",F,0,10,T,0,1,0,-9,J,0,10,J,1,0,1,0,F,0,10,Q,0,2,2,1,TRQNXSIULEJYVBMZOKPADHFG,DFMUPZOBRLTJGEHXQASVIYKN,UHZESLNIGMQFOTAPXRKYDJVB,0,Hubert_14Jun2018_15-24_150soams.txt,150,3,1,0,0,0.3333333333333333
main,1,Hubert,allCued,0,left,3,"[0, 2, 1]",G,0,6,F,0,0,0,1,K,0,6,V,0,2,1,-3,G,0,6,K,0,1,2,8,HKVUJZFGNMRXTPOYAIEBDQLS,OMFBRTKLAZYJSEGHNUVXPQID,UZTKDOVMSFAGHREBLJIPQNXY,0,Hubert_14Jun2018_15-24_150soams.txt,150,3,0,0,0,0
main,2,Hubert,allCued,0,left,3,"[0, 2, 1]",R,0,8,U,0,0,0,7,O,0,8,N,0,2,1,-4,O,0,8,U,0,1,2,-2,SKEMJFPTUZHGYLIROBQVXDAN,FEIQGKONURHZDMTYSBVJAPXL,UZTYOJRENDVMKFQGLSHPXIBA,0,Hubert_14Jun2018_15-24_150soams.txt,150,3,0,0,0,0
main,3,Hubert,twoCued,0,left,3,"[2, 0]",K,0,10,A,0,2,0,9,X,0,10,K,0,0,1,1,-999,-999,-999,-999,-999,-999,-999,-999,IQJDGRFYHPKXBOSAUNETLMVZ,JYDBHKMENQRVUSFZGTOPXILA,XVJQDFZPORAMUHSYETNKIGBL,0,Hubert_14Jun2018_15-24_150soams.txt,150,2,0,NA,0,0
main,4,Hubert,allCued,0,left,3,"[0, 1, 2]",V,0,8,V,1,0,0,0,A,0,8,A,1,1,1,0,J,0,8,J,1,2,2,0,EQHFJAZDVOBMUXKGTPNRIYLS,PKDSUINQAMFBLEXJHTVGRYOZ,ETKBZYALJPDRQUISFXHNMGOV,0,Hubert_14Jun2018_15-24_150soams.txt,150,3,1,1,1,1
main,5,Hubert,allCued,0,left,3,"[2, 0, 1]",E,0,9,E,1,2,0,0,V,0,9,V,1,0,1,0,B,0,9,P,0,1,2,1,HBTYDKQLUVZOXIGFAMPJRSEN,AHXGNLSKEPBQDOTRUZJIYFVM,HFBDUKNYRETLOJXPIVSMQAZG,0,Hubert_14Jun2018_15-24_150soams.txt,150,3,1,0,1,0.6666666666666666
main,6,Hubert,twoCued,0,left,3,"[2, 1]",G,0,7,G,1,2,0,0,S,0,7,S,1,1,1,0,-999,-999,-999,-999,-999,-999,-999,-999,BIYSDEKHFPLTAMOZJVQUXGRN,TRLYGUMSAJEINZXBOVDPHQFK,NFTIUKSGEMXPZOQLBAHVYRJD,0,Hubert_14Jun2018_15-24_150soams.txt,150,2,NA,1,1,1
main,7,Hubert,twoCued,0,left,3,"[2, 0]",B,0,8,B,1,2,0,0,D,0,8,D,1,0,1,0,-999,-999,-999,-999,-999,-999,-999,-999,UVGIYZABDRLMQNSOHTFXJEKP,OUGTPFZJRSNABIEHVLQKDMXY,HGEJSINFBRQZOLYKUVTMDAXP,0,Hubert_14Jun2018_15-24_150soams.txt,150,2,1,NA,1,1
main,8,Hubert,twoCued,0,left,3,"[1, 0]",R,0,8,P,0,1,0,11,D,0,8,R,0,0,1,1,-999,-999,-999,-999,-999,-999,-999,-999,KOTSANMFRDUYGJIZEQLVXBPH,LJXVZMGYPHTUNBQDOISRFAKE,HMSTJDQBIVNRXZFULPKAOYGE,0,Hubert_14Jun2018_15-24_150soams.txt,150,2,0,0,NA,0
main,9,Hubert,allCued,0,left,3,"[2, 0, 1]",I,0,9,V,0,2,0,10,O,0,9,O,1,0,1,0,G,0,9,G,1,1,2,0,QJTYKBVZIOLSUPRNDEMFGXHA,BQJHSXDRTGIKPEOMNLZUFVAY,DPSMAOHKRVLBXZNGEQFIJUYT,0,Hubert_14Jun2018_15-24_150soams.txt,150,3,1,1,0,0.6666666666666666
main,10,Hubert,twoCued,0,left,3,"[0, 2]",M,0,8,M,1,0,0,0,X,0,8,Z,0,2,1,6,-999,-999,-999,-999,-999,-999,-999,-999,PJZKYFEQMRTGHLXVUDISAOBN,XSQGPYKFBVRUIDZEATNJLMHO,RNSDEQPFZJTGIYXKVMUOLBHA,0,Hubert_14Jun2018_15-24_150soams.txt,150,2,1,NA,0,0.5
main,11,Hubert,allCued,0,left,3,"[0, 1, 2]",P,0,6,P,1,0,0,0,B,0,6,O,0,1,1,4,O,0,6,D,0,2,2,7,OSFMZNPBURKIYTXQHVJLGADE,SNYTAROXVMBHFDZUGJLEKQPI,PXINSYDUHTRLVOAGFZJQMKBE,0,Hubert_14Jun2018_15-24_150soams.txt,150,3,1,0,0,0.3333333333333333
main,12,Hubert,allCued,0,left,3,"[1, 2, 0]",N,0,8,N,1,1,0,0,Z,0,8,I,0,2,1,1,H,0,8,N,0,0,2,5,OMXJSPZGNUKDRHYFEQILBVAT,FTBXYKHDNPUZAQSIJREOMVGL,PVFOGNELIZRXHMJBUTSKADQY,0,Hubert_14Jun2018_15-24_150soams.txt,150,3,0,1,0,0.3333333333333333
main,13,Hubert,twoCued,0,left,3,"[2, 0]",S,0,6,S,1,2,0,0,R,0,6,R,1,0,1,0,-999,-999,-999,-999,-999,-999,-999,-999,JBDKNYRUPVELOMSZHATGFXIQ,OXNBJDGLZRHTVAUMFSPEQYKI,EPANOVSJXLMKFTUBQYHZDRIG,0,Hubert_14Jun2018_15-24_150soams.txt,150,2,1,NA,1,1
main,14,Hubert,twoCued,0,left,3,"[1, 2]",T,0,10,T,1,1,0,0,A,0,10,A,1,2,1,0,-999,-999,-999,-999,-999,-999,-999,-999,XLPUEKSAQBMZVYROIFTNJGDH,FNOUZEYPSHTGJRMQKBVIDALX,LNJPUYESMGAIKBTVQRXHODFZ,0,Hubert_14Jun2018_15-24_150soams.txt,150,2,NA,1,1,1
main,15,Hubert,allCued,0,left,3,"[2, 1, 0]",X,0,10,I,0,2,0,-3,I,0,10,K,0,1,1,-5,X,0,10,Q,0,0,2,1,DALVRTOJNKQXSHZEUMPFGIYB,ENGROIZQYJKTUHAVPMSBXLDF,ELPZKVQXTHIASFGORBMDNJUY,0,Hubert_14Jun2018_15-24_150soams.txt,150,3,0,0,0,0
main,16,Hubert,twoCued,0,left,3,"[1, 2]",N,0,10,J,0,1,0,1,P,0,10,P,1,2,1,0,-999,-999,-999,-999,-999,-999,-999,-999,VXMSBAKGIQJLUOTYNDFPRHZE,AUORVITPSZJNQEMBGDLXKHFY,GZYQRTDEUVPINJXMLSFBAOKH,0,Hubert_14Jun2018_15-24_150soams.txt,150,2,NA,0,1,0.5
main,17,Hubert,allCued,0,left,3,"[1, 2, 0]",G,0,9,S,0,1,0,10,O,0,9,G,0,2,1,2,Q,0,9,G,0,0,2,-6,UOMQSHXNEGLRFAZJVDTIPKBY,BJXVITNHPSRLQZEUDAYGFKOM,BPTVNUQYKGDOXAFHRLESIZMJ,0,Hubert_14Jun2018_15-24_150soams.txt,150,3,0,0,0,0
main,18,Hubert,allCued,0,left,3,"[1, 0, 2]",R,0,6,R,1,1,0,0,R,0,6,R,1,0,1,0,X,0,6,X,1,2,2,0,DJPUZTRVOMEQNLYBSFGXAKIH,IQOHBNRXYMEVDKAFSPLJZGTU,JGSAHYXZUFRTMEOIDLQNVKPB,0,Hubert_14Jun2018_15-24_150soams.txt,150,3,1,1,1,1
main,19,Hubert,twoCued,0,left,3,"[0, 2]",Z,0,9,Z,1,0,0,0,M,0,9,M,1,2,1,0,-999,-999,-999,-999,-999,-999,-999,-999,VOYSDGEKFZRIANTBQXPHUJLM,BXFDREVAMJNLSGQTKPUIYHOZ,OKTXHFGQLMEUIRZVAYDJPNBS,0,Hubert_14Jun2018_15-24_150soams.txt,150,2,1,NA,1,1
main,20,Hubert,twoCued,0,left,3,"[2, 0]",M,0,9,L,0,2,0,-9,L,0,9,G,0,0,1,-5,-999,-999,-999,-999,-999,-999,-999,-999,UINVLJHOXGPZBTSAMEQFYRDK,QHFJMOVBLNKXZEYDAGUPRIST,MPUEXNJRVLTFSBHOKYAIDGZQ,0,Hubert_14Jun2018_15-24_150soams.txt,150,2,0,NA,0,0
main,21,Hubert,twoCued,0,left,3,"[2, 1]",F,0,6,B,0,2,0,3,L,0,6,F,0,1,1,1,-999,-999,-999,-999,-999,-999,-999,-999,MXKLFIJSNHARZPGOUBQYDVTE,KHPOTUFLDQBVMESYANGRIXZJ,IVPUGABQMFXLSJKOERZDNHTY,0,Hubert_14Jun2018_15-24_150soams.txt,150,2,NA,0,0,0
main,22,Hubert,allCued,0,left,3,"[0, 2, 1]",P,0,7,P,1,0,0,0,X,0,7,X,1,2,1,0,U,0,7,U,1,1,2,0,KRDISELPVYJQUTXBGZNMHAOF,TPDLRZEUSVAJBXNYFOMQGKHI,RJKEBQIXTUZGAPNFYMDLHVOS,0,Hubert_14Jun2018_15-24_150soams.txt,150,3,1,1,1,1
main,23,Hubert,twoCued,0,left,3,"[0, 1]",B,0,7,B,1,0,0,0,J,0,7,J,1,1,1,0,-999,-999,-999,-999,-999,-999,-999,-999,OQLRJVFBMUTAYDXGHIPKSZNE,EKBRZUVJPDAFOIHGTYSNQMLX,VNELPUXFJQYOKTBMRIZDSGHA,0,Hubert_14Jun2018_15-24_150soams.txt,150,2,1,1,NA,1
main,24,Hubert,allCued,0,left,3,"[1, 2, 0]",A,0,9,A,1,1,0,0,S,0,9,S,1,2,1,0,G,0,9,G,1,0,2,0,RTVQJFPNXGLASOKHIMDBZYUE,OELKMDZVXAJUPGSIQTNRFYHB,JILRYZHOPSGUVDNMTQBXKEFA,0,Hubert_14Jun2018_15-24_150soams.txt,150,3,1,1,1,1
main,25,Hubert,allCued,0,left,3,"[1, 0, 2]",R,0,9,R,1,1,0,0,O,0,9,Q,0,0,1,-2,R,0,9,E,0,2,2,8,TEVMFRNOXQSBYDUJKLPIHAGZ,AOEBVYFNLRDJUPZMKHQXITGS,MOBHKTDUVEGXLIAJFRYNPQSZ,0,Hubert_14Jun2018_15-24_150soams.txt,150,3,0,1,0,0.3333333333333333
main,26,Hubert,twoCued,0,left,3,"[1, 0]",I,0,9,I,1,1,0,0,L,0,9,L,1,0,1,0,-999,-999,-999,-999,-999,-999,-999,-999,KQFPRSZABLEDNHYTJGVUIXMO,BMPDETLKOIFJYUHZSRVAGXNQ,KOTISBMHZYAPGFJDQULXVREN,0,Hubert_14Jun2018_15-24_150soams.txt,150,2,1,1,NA,1
main,27,Hubert,twoCued,0,left,3,"[1, 2]",O,0,8,O,1,1,0,0,U,0,8,U,1,2,1,0,-999,-999,-999,-999,-999,-999,-999,-999,MBODHJLNFXGPZIRKTUEVQYAS,ETFRAUVNOHDMZIYQXKJLGSPB,JMLDAPXYUNRTZHQESVFOKBGI,0,Hubert_14Jun2018_15-24_150soams.txt,150,2,NA,1,1,1
main,28,Hubert,twoCued,0,left,3,"[0, 1]",A,0,10,H,0,0,0,1,H,0,10,F,0,1,1,6,-999,-999,-999,-999,-999,-999,-999,-999,ZVEIBQXYSPHADJKNFUTOGMRL,IABKTVSXYQFOJUZMHRGPNLDE,IMXSGNREHFZJPUYKLATVOBDQ,0,Hubert_14Jun2018_15-24_150soams.txt,150,2,0,0,NA,0
main,29,Hubert,twoCued,0,left,3,"[0, 2]",X,0,10,X,1,0,0,0,O,0,10,O,1,2,1,0,-999,-999,-999,-999,-999,-999,-999,-999,FVGQESHAUPXYZBRDTLOJINMK,YBLEPKSAZIJTGHVFXNUQMDOR,QHRMDSYFXGOBKTZALPNJUEIV,0,Hubert_14Jun2018_15-24_150soams.txt,150,2,1,NA,1,1
main,30,Hubert,allCued,0,left,3,"[0, 1, 2]",B,0,7,B,1,0,0,0,U,0,7,U,1,1,1,0,R,0,7,R,1,2,2,0,TEXKHSVBJAYNRUMZOLGQIFDP,BKZEMNVUYQXITSJPDLRHAGOF,FBIZLDTRPGKHQXVMJSONUYAE,0,Hubert_14Jun2018_15-24_150soams.txt,150,3,1,1,1,1
main,31,Hubert,allCued,0,left,3,"[2, 1, 0]",U,0,7,U,1,2,0,0,O,0,7,A,0,1,1,16,X,0,7,U,0,0,2,9,OVILZKQURAYFGTBPXENJMDSH,YBTZDNUAKRJQPVXIFMGHESLO,SZEYVXNUDOFMHTGRLKJAQIPB,0,Hubert_14Jun2018_15-24_150soams.txt,150,3,0,0,1,0.3333333333333333
main,32,Hubert,twoCued,0,left,3,"[1, 2]",X,0,7,V,0,1,0,1,P,0,7,P,1,2,1,0,-999,-999,-999,-999,-999,-999,-999,-999,ZERTFNAIBSJHUDLPGMOQVYKX,LSNUADGVXZIMKETFJOQPBYRH,AKEDFSYPVQUJONHMXLZRTGBI,0,Hubert_14Jun2018_15-24_150soams.txt,150,2,NA,0,1,0.5
main,33,Hubert,allCued,0,left,3,"[0, 1, 2]",K,0,7,H,0,0,0,-4,P,0,7,P,1,1,1,0,E,0,7,Z,0,2,2,-6,UTBKQRPHEJLSVXGNAZYFOMID,EYMVGDRPBUQJASTIXKLFOZNH,JEVNPAYZKRGTOHQDUBLSMIXF,0,Hubert_14Jun2018_15-24_150soams.txt,150,3,0,1,0,0.3333333333333333
main,34,Hubert,allCued,0,left,3,"[2, 1, 0]",M,0,6,H,0,2,0,4,Y,0,6,Y,1,1,1,0,V,0,6,V,1,0,2,0,AJNKITVHUOBERLQMPDFZGXSY,QLMVDBYEPRTZFXHUSNGOAKJI,UNVGKQHEILMPZXBYDOJATFSR,0,Hubert_14Jun2018_15-24_150soams.txt,150,3,1,1,0,0.6666666666666666
main,35,Hubert,allCued,0,left,3,"[0, 2, 1]",R,0,8,H,0,0,0,1,J,0,8,M,0,2,1,10,H,0,8,N,0,1,2,-8,DFJLNVQPHRAOIMZKUSGYBXET,HGMLIAKYNBDQRFEJZSTPXOUV,GZYNSUDXMATLVFRQHBJKEPIO,0,Hubert_14Jun2018_15-24_150soams.txt,150,3,0,0,0,0
main,36,Hubert,allCued,0,left,3,"[1, 2, 0]",J,0,10,U,0,1,0,1,O,0,10,D,0,2,1,-4,Z,0,10,Z,1,0,2,0,TXDUOPMJLKZIEHBAYVGQFSRN,TXMFDOHEBVUJGSKZRNAQLYIP,RLJPVMOGQBDYZHUKSFAXNIET,0,Hubert_14Jun2018_15-24_150soams.txt,150,3,1,0,0,0.3333333333333333
main,37,Hubert,allCued,0,left,3,"[0, 2, 1]",X,0,6,V,0,0,0,1,J,0,6,R,0,2,1,17,I,0,6,T,0,1,2,-1,IRYUGLVXHTNBKJDEFZPSQAMO,FJONMITXDVLSUEZRYQHAKBPG,EPDTUBRMFANOIYQGLKVHSZXJ,0,Hubert_14Jun2018_15-24_150soams.txt,150,3,0,0,0,0
main,38,Hubert,twoCued,0,left,3,"[1, 2]",O,0,7,O,1,1,0,0,Y,0,7,P,0,2,1,2,-999,-999,-999,-999,-999,-999,-999,-999,DPSJEHGRNKBVIXQLYMZAOFTU,FDMRHUPOJXIYVZSETBNKGLQA,FJTBXIDPVYEMNOHLRUSQKAGZ,0,Hubert_14Jun2018_15-24_150soams.txt,150,2,NA,1,0,0.5
main,39,Hubert,allCued,0,left,3,"[0, 1, 2]",A,0,9,O,0,0,0,2,N,0,9,N,1,1,1,0,O,0,9,U,0,2,2,6,DESQHMTGXOYALIFZVJKRUBPN,OXVUMQGYENAHITBSRDKZFJPL,IXBMLKHYTUERVPQOJGDNZSFA,0,Hubert_14Jun2018_15-24_150soams.txt,150,3,0,1,0,0.3333333333333333
main,40,Hubert,twoCued,0,left,3,"[2, 1]",X,0,10,V,0,2,0,13,Q,0,10,O,0,1,1,-10,-999,-999,-999,-999,-999,-999,-999,-999,DQVIZGPXTKLOERSHFBNUAMYJ,QRINPUHJZGOXFMYAELKTVSBD,KTQYSREMLAVBDJHFPZONGUIX,0,Hubert_14Jun2018_15-24_150soams.txt,150,2,NA,0,0,0
main,41,Hubert,allCued,0,left,3,"[1, 0, 2]",H,0,8,D,0,1,0,1,M,0,8,H,0,0,1,1,A,0,8,G,0,2,2,13,QLSJKXIPHMGUDOBZVARTFYNE,FJMRZIBUDHNKEPOTQYSLGVXA,IXQDHJUEGKZOBYSTVFLMNARP,0,Hubert_14Jun2018_15-24_150soams.txt,150,3,0,0,0,0
main,42,Hubert,allCued,0,left,3,"[2, 1, 0]",O,0,8,H,0,2,0,1,B,0,8,B,1,1,1,0,E,0,8,E,1,0,2,0,PAHTVURQEJLIYXODNBGZMKSF,UOFPNQMABLJXKYDHSEIRZGTV,BUJFATGDHOZREKNXSILMQYPV,0,Hubert_14Jun2018_15-24_150soams.txt,150,3,1,1,0,0.6666666666666666
main,43,Hubert,twoCued,0,left,3,"[2, 1]",D,0,9,D,1,2,0,0,R,0,9,B,0,1,1,1,-999,-999,-999,-999,-999,-999,-999,-999,PYFSDMBQJVLUXKHNOTZIEARG,THGXYVIELBRSKDAONQMFJUZP,OATZIMJUFDYNXKVSRPLHEGQB,0,Hubert_14Jun2018_15-24_150soams.txt,150,2,NA,0,1,0.5
main,44,Hubert,allCued,0,left,3,"[0, 1, 2]",R,0,10,R,1,0,0,0,G,0,10,G,1,1,1,0,E,0,10,X,0,2,2,4,UABPDXISHNREQKZTOYJLVMFG,MQBLDTYEIXGFRJUNPAOHSKZV,HODKRMSAZYXFBGEIVPLJNTQU,0,Hubert_14Jun2018_15-24_150soams.txt,150,3,1,1,0,0.6666666666666666
main,45,Hubert,twoCued,0,left,3,"[1, 2]",A,0,6,A,1,1,0,0,P,0,6,P,1,2,1,0,-999,-999,-999,-999,-999,-999,-999,-999,QUDZGJENMYFOBKHXAVTSRPLI,RGIPMLAHNXVDSBUFKQTZEYOJ,MAQHJVPONDRLYBTGXSUFZIEK,0,Hubert_14Jun2018_15-24_150soams.txt,150,2,NA,1,1,1
main,46,Hubert,allCued,0,left,3,"[2, 0, 1]",D,0,8,D,1,2,0,0,F,0,8,F,1,0,1,0,G,0,8,M,0,1,2,1,MTUODLQJFKYINAVBPSGERZXH,ZXQDONRTMGFSJYIKVEULHABP,TBGMZYSUDEQFJOKPVRXNIAHL,0,Hubert_14Jun2018_15-24_150soams.txt,150,3,1,0,1,0.6666666666666666
main,47,Hubert,twoCued,0,left,3,"[2, 0]",Y,0,6,Y,1,2,0,0,T,0,6,T,1,0,1,0,-999,-999,-999,-999,-999,-999,-999,-999,ZROAGUTISMDQEHJBXYVNLPFK,VUKXEQSJGRNBZMPYAHOLTIFD,RTOSLGYFDHXEMIBPKUANVZQJ,0,Hubert_14Jun2018_15-24_150soams.txt,150,2,1,NA,1,1
main,48,Hubert,twoCued,0,left,3,"[2, 1]",M,0,6,M,1,2,0,0,E,0,6,E,1,1,1,0,-999,-999,-999,-999,-999,-999,-999,-999,PRVIDXHJBZYEUSANOKFTLMGQ,NKDTILEGRBAZFQVHMUJYOPXS,QXAUBHMKPENOTDSGLFZIRJVY,0,Hubert_14Jun2018_15-24_150soams.txt,150,2,NA,1,1,1
main,49,Hubert,allCued,0,left,3,"[0, 2, 1]",D,0,10,D,1,0,0,0,T,0,10,T,1,2,1,0,H,0,10,H,1,1,2,0,VAHTQBIOYKDMEFGSNRXPULJZ,AQFUOBZMLGHTPVXJDYNSRIKE,PXQKENAIJLTDYSUFOVZMGRHB,0,Hubert_14Jun2018_15-24_150soams.txt,150,3,1,1,1,1
main,50,Hubert,allCued,0,left,3,"[2, 1, 0]",I,0,10,U,0,2,0,-8,Q,0,10,Q,1,1,1,0,Q,0,10,Q,1,0,2,0,BVPSIRNEZAQKHFYXGTDLUMOJ,OYNTBXVPALQHRUZJIEGKMFSD,FAIYQTMKPZUHVXDSGOBLJREN,0,Hubert_14Jun2018_15-24_150soams.txt,150,3,1,1,0,0.6666666666666666
main,51,Hubert,twoCued,0,left,3,"[1, 0]",V,0,6,K,0,1,0,-2,G,0,6,G,1,0,1,0,-999,-999,-999,-999,-999,-999,-999,-999,PZLEQAGVHNSUDBYMJRKOTFXI,SXIQVAKPUHLYNMZEBJGRFTDO,MQSEFOYVURTJGBZKAXNPDHLI,0,Hubert_14Jun2018_15-24_150soams.txt,150,2,1,0,NA,0.5
main,52,Hubert,allCued,0,left,3,"[1, 0, 2]",V,0,6,H,0,1,0,13,I,0,6,D,0,0,1,1,D,0,6,J,0,2,2,6,NKVLAXDIEYQMUFBPTOGJZRHS,MRPBILHEUDNOYXJKZSAVQGFT,TSOUGLJVEKHBDFXQMPRINZAY,0,Hubert_14Jun2018_15-24_150soams.txt,150,3,0,0,0,0
main,53,Hubert,allCued,0,left,3,"[1, 0, 2]",B,0,10,T,0,1,0,-4,Z,0,10,Z,1,0,1,0,O,0,10,B,0,2,2,3,GPXVRMLBNSZFAOUEHIYTDKJQ,ZAUVJIBDHXTQYEKFOSNMPGRL,IYVXNDESRQBPHOMJALTZKUGF,0,Hubert_14Jun2018_15-24_150soams.txt,150,3,1,0,0,0.3333333333333333
main,54,Hubert,twoCued,0,left,3,"[1, 2]",D,0,8,D,1,1,0,0,D,0,8,D,1,2,1,0,-999,-999,-999,-999,-999,-999,-999,-999,FBREAKSXGIQNVTPYJUMLHZOD,YAVQIZSPDHRUKJBXFGOTEMLN,XMQLGKBRDZEFAYSPJIUNOTVH,0,Hubert_14Jun2018_15-24_150soams.txt,150,2,NA,1,1,1
main,55,Hubert,twoCued,0,left,3,"[1, 0]",A,0,9,A,1,1,0,0,T,0,9,T,1,0,1,0,-999,-999,-999,-999,-999,-999,-999,-999,BNFRHJLAVTPMQOXSZIGDKYUE,SUFELOQZDAXNIPHBVJMGTRKY,QZVFHAKGDNBPUEYXRLJMTISO,0,Hubert_14Jun2018_15-24_150soams.txt,150,2,1,1,NA,1
main,56,Hubert,twoCued,0,left,3,"[2, 0]",K,0,8,K,1,2,0,0,H,0,8,H,1,0,1,0,-999,-999,-999,-999,-999,-999,-999,-999,SRFIPNMBHGQKZYJLTVXOUDAE,OTURZIYANFMDSLVQBKEHXJGP,OPXZJUEGKHLAYTDRBSFNIQVM,0,Hubert_14Jun2018_15-24_150soams.txt,150,2,1,NA,1,1
main,57,Hubert,allCued,0,left,3,"[2, 0, 1]",T,0,10,V,0,2,0,-5,G,0,10,G,1,0,1,0,T,0,10,B,0,1,2,9,MKIRUTLQJEGVDSAYPNXHBOFZ,IUVEYNRGKDBFHPQXAOJTSZLM,IQELJTDHSYVXAKNBGZPORMUF,0,Hubert_14Jun2018_15-24_150soams.txt,150,3,1,0,0,0.3333333333333333
main,58,Hubert,twoCued,0,left,3,"[1, 2]",F,0,6,F,1,1,0,0,E,0,6,Y,0,2,1,1,-999,-999,-999,-999,-999,-999,-999,-999,DXHLAJQVIUGEZTMORKPNFBSY,AENKZPFHYOUVBLRTDGIQSMXJ,PVGNDLYEUZAMBTIJOHSRQFXK,0,Hubert_14Jun2018_15-24_150soams.txt,150,2,NA,1,0,0.5
main,59,Hubert,allCued,0,left,3,"[1, 0, 2]",U,0,7,U,1,1,0,0,O,0,7,O,1,0,1,0,P,0,7,P,1,2,2,0,FAXZKRDOTHQYPNLJMEBUSGIV,ZYLQABIUVTXFRDHSGNMJEOPK,NELJGVSPRQYTIUFAZOHDBKXM,0,Hubert_14Jun2018_15-24_150soams.txt,150,3,1,1,1,1
main,60,Hubert,twoCued,0,left,3,"[0, 1]",D,0,6,D,1,0,0,0,H,0,6,H,1,1,1,0,-999,-999,-999,-999,-999,-999,-999,-999,BAFQGODVLKHJZEYPUTXMSIRN,GJMPAFHOEZRYIVNQDKLBTUSX,DUEFISLNMPGAKHYQBTJVROXZ,0,Hubert_14Jun2018_15-24_150soams.txt,150,2,1,1,NA,1
main,61,Hubert,twoCued,0,left,3,"[2, 1]",E,0,7,B,0,2,0,-5,O,0,7,O,1,1,1,0,-999,-999,-999,-999,-999,-999,-999,-999,VOSXBGZFTJDIQNLARMEYHPUK,ZVTPSJGOEUDFNBHYKQMAXRLI,VYEUFGXBQDHIKRNSATJZOMPL,0,Hubert_14Jun2018_15-24_150soams.txt,150,2,NA,1,0,0.5
main,62,Hubert,allCued,0,left,3,"[1, 0, 2]",M,0,8,M,1,1,0,0,X,0,8,T,0,0,1,4,T,0,8,T,1,2,2,0,MEPAIRDJTQLUXYKFBOGSNHZV,OFVTPSUIMNQXABHLJKZEDYGR,JLMSFQPYTXEGDNUHVKOZRBIA,0,Hubert_14Jun2018_15-24_150soams.txt,150,3,0,1,1,0.6666666666666666
main,63,Hubert,allCued,0,left,3,"[0, 2, 1]",L,0,9,L,1,0,0,0,N,0,9,P,0,2,1,7,R,0,9,N,0,1,2,1,YOBFMXQGJLVUZSNDTEAPRHIK,TFAQUVHZLNRIDOYKPMXGSJBE,FABGZSIEVPJUOXRQNYLDHKTM,0,Hubert_14Jun2018_15-24_150soams.txt,150,3,1,0,0,0.3333333333333333
main,64,Hubert,allCued,0,left,3,"[2, 0, 1]",P,0,7,P,1,2,0,0,D,0,7,D,1,0,1,0,D,0,7,D,1,1,2,0,BZXYATODUMEKNPJSHGRIVFLQ,KRHEGFADJTOYNVSUXPBZQMLI,EVUINZHPTBASJQLXYFMDRGKO,0,Hubert_14Jun2018_15-24_150soams.txt,150,3,1,1,1,1
main,65,Hubert,allCued,0,left,3,"[1, 2, 0]",X,0,7,X,1,1,0,0,I,0,7,I,1,2,1,0,X,0,7,Z,0,0,2,16,DBUPMSHZIKNYGELQJATVROFX,YVFUPINXTKBJGHAMOZDQLERS,UDYNZTKIVPJOGBQLXFRAESHM,0,Hubert_14Jun2018_15-24_150soams.txt,150,3,0,1,1,0.6666666666666666
main,66,Hubert,allCued,0,left,3,"[1, 2, 0]",D,0,6,D,1,1,0,0,O,0,6,D,0,2,1,1,E,0,6,E,1,0,2,0,OAYNUSEXKMJGIRBDZFQHLPVT,HMLIRODNKTYBGFAVJPXZSEQU,VPRFLJDOSBQYNTHXIUMZAGEK,0,Hubert_14Jun2018_15-24_150soams.txt,150,3,1,1,0,0.6666666666666666
main,67,Hubert,twoCued,0,left,3,"[2, 0]",M,0,7,M,1,2,0,0,A,0,7,A,1,0,1,0,-999,-999,-999,-999,-999,-999,-999,-999,HVLNXSJAMIYRPZTOUGFDEBQK,XEMSANIRYLGQUBPOHKZFVJDT,NTRBOSGMVHQUIPZEXDAJYKLF,0,Hubert_14Jun2018_15-24_150soams.txt,150,2,1,NA,1,1
main,68,Hubert,twoCued,0,left,3,"[2, 1]",N,0,10,Y,0,2,0,1,O,0,10,O,1,1,1,0,-999,-999,-999,-999,-999,-999,-999,-999,JYASIGLPBUXKDFHNZVTERMQO,UFXGIELYPMONBDTRJZASHKVQ,VLTGUFXMEIYNOKRSJAHDBPZQ,0,Hubert_14Jun2018_15-24_150soams.txt,150,2,NA,1,0,0.5
main,69,Hubert,allCued,0,left,3,"[1, 2, 0]",U,0,6,N,0,1,0,-2,Y,0,6,U,0,2,1,6,A,0,6,U,0,0,2,1,OTYSFDUAGPJBERQVNXHZILMK,ASODUINQHVEMFBZGYTJKRPXL,PNJQTEURMKXBYOLDHSGAIFZV,0,Hubert_14Jun2018_15-24_150soams.txt,150,3,0,0,0,0
main,70,Hubert,allCued,0,left,3,"[2, 1, 0]",Y,0,9,V,0,2,0,-5,Y,0,9,Y,1,1,1,0,B,0,9,B,1,0,2,0,MOJZXSTGYBIDQNRFLPHKVAEU,GQTSMVHDAYPJKOFIELNXRUBZ,HNAUYDMPBVLZEQFRXKOTGSIJ,0,Hubert_14Jun2018_15-24_150soams.txt,150,3,1,1,0,0.6666666666666666
main,71,Hubert,allCued,0,left,3,"[2, 0, 1]",K,0,8,S,0,2,0,2,N,0,8,N,1,0,1,0,S,0,8,S,1,1,2,0,MITLGUEZNRSBHQFOJPDXAVYK,LUMEYFJDSKGAVQRIPHTXNZBO,AEVIFORGSNKYHLXJDQUBPMZT,0,Hubert_14Jun2018_15-24_150soams.txt,150,3,1,1,0,0.6666666666666666
main,72,Hubert,twoCued,0,left,3,"[1, 2]",A,0,9,A,1,1,0,0,B,0,9,B,1,2,1,0,-999,-999,-999,-999,-999,-999,-999,-999,LNURGXDBTFIQEYAVMHPSZJOK,BUGDSXLZOAIMPHERKNFYTVJQ,XYQZMLENRBOIAKSUGVFHPTJD,0,Hubert_14Jun2018_15-24_150soams.txt,150,2,NA,1,1,1
main,73,Hubert,allCued,0,left,3,"[2, 0, 1]",M,0,6,M,1,2,0,0,X,0,6,X,1,0,1,0,L,0,6,L,1,1,2,0,HZUOLGXAQVRJMPDSYBEFIKTN,GXOKZMLBPDUHQNATIFSYVERJ,EYNDLFMGXZIPTOUBSVJKQHAR,0,Hubert_14Jun2018_15-24_150soams.txt,150,3,1,1,1,1
main,74,Hubert,twoCued,0,left,3,"[0, 1]",G,0,7,G,1,0,0,0,H,0,7,H,1,1,1,0,-999,-999,-999,-999,-999,-999,-999,-999,MOREDUYGNPQKALHBJVISXTZF,NGZIEVBHOQLFAPRTSMKXJUDY,BKMYNOTGVDQAPLXJRISFZHEU,0,Hubert_14Jun2018_15-24_150soams.txt,150,2,1,1,NA,1
main,0,Hubert,allCued,0,left,3,"[2, 0, 1]",O,0,7,U,0,2,0,2,V,0,7,N,0,0,1,-4,J,0,7,H,0,1,2,2,FTUVEPANZJQSOBDXLYGRMIKH,PFYQNKVHDJXSAGMIUZETROLB,MFINAQVUJOGSZBHLKYREXPDT,0,Hubert_14Jun2018_15-45_130soams.txt,130,3,0,0,0,0
main,1,Hubert,twoCued,0,left,3,"[2, 1]",K,0,6,K,1,2,0,0,S,0,6,K,0,1,1,1,-999,-999,-999,-999,-999,-999,-999,-999,OZYUAGDXQRMFTSNIPVLEHBJK,OPIRYJKSZFBQULTNAVMDHEGX,VZLOJDKBFTAHIQNSXURMYEPG,0,Hubert_14Jun2018_15-45_130soams.txt,130,2,NA,0,1,0.5
main,2,Hubert,allCued,0,left,3,"[0, 2, 1]",M,0,10,H,0,0,0,1,O,0,10,Q,0,2,1,10,I,0,10,I,1,1,2,0,KBFQUJGDALHMSVEYIPZNORXT,LJFSMQNRBUITVPXOEHDKAYZG,NHZPGUIJDXQLEAMYKFSROBTV,0,Hubert_14Jun2018_15-45_130soams.txt,130,3,0,1,0,0.3333333333333333
main,3,Hubert,twoCued,0,left,3,"[0, 2]",E,0,6,E,1,0,0,0,J,0,6,J,1,2,1,0,-999,-999,-999,-999,-999,-999,-999,-999,KUSDMJERTGXYVFHLNQZBIAOP,PYSHTBUVLMZDXJGAKFQONERI,IDSOQMJTPZRGVENUHLAYFKXB,0,Hubert_14Jun2018_15-45_130soams.txt,130,2,1,NA,1,1
main,4,Hubert,allCued,0,left,3,"[1, 2, 0]",H,0,10,A,0,1,0,1,V,0,10,E,0,2,1,9,U,0,10,H,0,0,2,1,XENMKBYLDRHUTAQSVGJPFIOZ,OGPVUIEQRJAHBKYDZTLNFSMX,YNXOBADFISERPJHGUQZVLKTM,0,Hubert_14Jun2018_15-45_130soams.txt,130,3,0,0,0,0
main,5,Hubert,twoCued,0,left,3,"[0, 2]",U,0,7,U,1,0,0,0,S,0,7,S,1,2,1,0,-999,-999,-999,-999,-999,-999,-999,-999,YXSLAQFUBVTJNZPGMKRODHIE,IVEDSKAMPGHTZQJNXFRLBOYU,VLFEBXJSQUPTYAZROKDNGIMH,0,Hubert_14Jun2018_15-45_130soams.txt,130,2,1,NA,1,1
main,6,Hubert,twoCued,0,left,3,"[2, 1]",Z,0,10,U,0,2,0,1,A,0,10,A,1,1,1,0,-999,-999,-999,-999,-999,-999,-999,-999,OVNBUKEQLDXHIZGSARPTFYMJ,ENBQOSIKMZARFJYXHVGPUDLT,HMJDNIOFAPUZSXELYVGBRTQK,0,Hubert_14Jun2018_15-45_130soams.txt,130,2,NA,1,0,0.5
main,7,Hubert,twoCued,0,left,3,"[1, 2]",S,0,8,S,1,1,0,0,L,0,8,L,1,2,1,0,-999,-999,-999,-999,-999,-999,-999,-999,NKZIYUXPHAVDRQFOMLJSBETG,PQNEKAUMSTOYBIJVLRXZGFHD,MEAQHTBDLIZYXNJRSGVKUPFO,0,Hubert_14Jun2018_15-45_130soams.txt,130,2,NA,1,1,1
main,8,Hubert,allCued,0,left,3,"[0, 2, 1]",M,0,6,M,1,0,0,0,G,0,6,T,0,2,1,8,F,0,6,F,1,1,2,0,ZBOGLPMKERAVTHDIYFUNSJQX,VXPAKJFDSUIOBHTEZNLYGQRM,LKIVSXTMUHEPQDGOJZRABFYN,0,Hubert_14Jun2018_15-45_130soams.txt,130,3,1,1,0,0.6666666666666666
main,9,Hubert,twoCued,0,left,3,"[1, 2]",U,0,6,U,1,1,0,0,O,0,6,Q,0,2,1,-1,-999,-999,-999,-999,-999,-999,-999,-999,HZDKUJFXTVRSMOGEBNYPIQAL,NEARYBUKFSPGDZTMOLHIQXVJ,TZKNDOQYIPVHFEXALMJSGRUB,0,Hubert_14Jun2018_15-45_130soams.txt,130,2,NA,1,0,0.5
main,10,Hubert,twoCued,0,left,3,"[1, 0]",M,0,6,M,1,1,0,0,Z,0,6,Z,1,0,1,0,-999,-999,-999,-999,-999,-999,-999,-999,HJSTGBZNLUKXQADMPYOFRIVE,QBLFPVMASZGRUKJXNTIDEOYH,BVZXMYFSGHILJOTERNPAUDQK,0,Hubert_14Jun2018_15-45_130soams.txt,130,2,1,1,NA,1
main,11,Hubert,twoCued,0,left,3,"[2, 1]",J,0,6,J,1,2,0,0,I,0,6,I,1,1,1,0,-999,-999,-999,-999,-999,-999,-999,-999,XFQGEADJOVPTNMZSURHIKBLY,SNQMDZIOPBVGHFAUKXRTYJLE,OPDSIAJQVEBXGMUFHLYNRTZK,0,Hubert_14Jun2018_15-45_130soams.txt,130,2,NA,1,1,1
main,12,Hubert,twoCued,0,left,3,"[1, 0]",X,0,10,X,1,1,0,0,D,0,10,D,1,0,1,0,-999,-999,-999,-999,-999,-999,-999,-999,ZMGSAEJVHQDKLYXPBTORFIUN,TZUOGIRMKBXLQNSEFJYVAHDP,INLKGUOSABVQXZJPTYDMEFHR,0,Hubert_14Jun2018_15-45_130soams.txt,130,2,1,1,NA,1
main,13,Hubert,allCued,0,left,3,"[2, 0, 1]",V,0,6,V,1,2,0,0,E,0,6,E,1,0,1,0,S,0,6,S,1,1,2,0,OZYUNXEVBDTAJLKGIQMPFRHS,QAUTJISHLFPOXBGYZRKNDEMV,NXIABDVMTPFKRELSJUOYGHQZ,1,Hubert_14Jun2018_15-45_130soams.txt,130,3,1,1,1,1
main,14,Hubert,twoCued,0,left,3,"[0, 1]",T,0,8,T,1,0,0,0,J,0,8,J,1,1,1,0,-999,-999,-999,-999,-999,-999,-999,-999,PFYUMOBDTRVAZSLQEIXHJNGK,KZAOIMBHJNLVDGEXTUFPRYSQ,PSXYFNHVEARDGLTMKIBUQJZO,0,Hubert_14Jun2018_15-45_130soams.txt,130,2,1,1,NA,1
main,15,Hubert,allCued,0,left,3,"[0, 2, 1]",E,0,7,E,1,0,0,0,M,0,7,E,0,2,1,-3,Y,0,7,Y,1,1,2,0,QMPYIUFEHTGLSKZDAROVJXBN,GDEXMVPYLFSOJATNUZKRHQBI,TRILMUZEHYXVDOGJPKFBSAQN,0,Hubert_14Jun2018_15-45_130soams.txt,130,3,1,1,0,0.6666666666666666
main,16,Hubert,allCued,0,left,3,"[1, 0, 2]",S,0,10,S,1,1,0,0,J,0,10,J,1,0,1,0,O,0,10,D,0,2,2,-1,HSIFXPOYQGJBNAKVEDMZLTUR,LPOIHAGDYJSQXKMNZFTRVBUE,REHBLNXGJODAKIPUVSQFMYZT,0,Hubert_14Jun2018_15-45_130soams.txt,130,3,1,1,0,0.6666666666666666
main,17,Hubert,allCued,0,left,3,"[1, 0, 2]",E,0,6,E,1,1,0,0,P,0,6,P,1,0,1,0,O,0,6,B,0,2,2,-5,KZYXMNPOITDUFGLRJAVESQHB,TNJIRYEHASLFQOKUMBZPXVDG,DOTYIQBGREXSJKHPLNMFZUAV,0,Hubert_14Jun2018_15-45_130soams.txt,130,3,1,1,0,0.6666666666666666
main,18,Hubert,twoCued,0,left,3,"[1, 2]",A,0,10,M,0,1,0,1,M,0,10,M,1,2,1,0,-999,-999,-999,-999,-999,-999,-999,-999,PAOIFHUXREGVNLBZSKDMJYQT,VIFHYBXERKMALQOSNJTZPUDG,KQTABPOYUEMFNIRSLXGDVHJZ,0,Hubert_14Jun2018_15-45_130soams.txt,130,2,NA,0,1,0.5
main,19,Hubert,allCued,0,left,3,"[1, 2, 0]",D,0,9,D,1,1,0,0,E,0,9,X,0,2,1,-5,V,0,9,V,1,0,2,0,DXPUQTLSRVEMZNHFBYJGOAIK,IVGTMOLYHDRQNJXEZKPSFBAU,GSIYEKPBMXVZDQJTLRUFOHNA,0,Hubert_14Jun2018_15-45_130soams.txt,130,3,1,1,0,0.6666666666666666
main,20,Hubert,allCued,0,left,3,"[2, 0, 1]",M,0,10,Q,0,2,0,-1,Q,0,10,O,0,0,1,1,F,0,10,Z,0,1,2,3,FKUXISENVAOQTGDMLYBZHJPR,QIUKLPAXOJZNSFBRGMEHVYDT,JAZYXHPLEMQNFTVGKIBSUDRO,0,Hubert_14Jun2018_15-45_130soams.txt,130,3,0,0,0,0
main,21,Hubert,allCued,0,left,3,"[2, 0, 1]",L,0,7,O,0,2,0,15,J,0,7,U,0,0,1,1,L,0,7,M,0,1,2,6,NBPGVKDUJZTLEAQMFSHRXYOI,AQTXEVKMGRDOYLPBFJNISUHZ,JUFBMENOSVTZHIGAYPKXQDLR,0,Hubert_14Jun2018_15-45_130soams.txt,130,3,0,0,0,0
main,22,Hubert,twoCued,0,left,3,"[1, 0]",S,0,7,S,1,1,0,0,F,0,7,F,1,0,1,0,-999,-999,-999,-999,-999,-999,-999,-999,OHTXNKVFYIGZBLJSMEDQPARU,TJMGIVNSFZHPAUXLKBQDOEYR,XGHYPSTLNQEOAMFZJVUBDKIR,0,Hubert_14Jun2018_15-45_130soams.txt,130,2,1,1,NA,1
main,23,Hubert,twoCued,0,left,3,"[2, 0]",A,0,9,A,1,2,0,0,G,0,9,G,1,0,1,0,-999,-999,-999,-999,-999,-999,-999,-999,TSADNZLIRGFJYMOPXUEKVQBH,QSUKMEIAVTBXGFOJHYDPNLZR,JNUDFQBEZAPMSTXKVHRGILOY,0,Hubert_14Jun2018_15-45_130soams.txt,130,2,1,NA,1,1
main,24,Hubert,twoCued,0,left,3,"[0, 2]",Y,0,10,Z,0,0,0,1,X,0,10,Y,0,2,1,5,-999,-999,-999,-999,-999,-999,-999,-999,MVQRFDJXNOZYGPEULSKAIBTH,XVHJPLFIKYDARZNBOMTGQEUS,HSZTGOUPVLYFKBEXNDMIRJAQ,0,Hubert_14Jun2018_15-45_130soams.txt,130,2,0,NA,0,0
main,25,Hubert,allCued,0,left,3,"[1, 0, 2]",M,0,7,M,1,1,0,0,I,0,7,I,1,0,1,0,G,0,7,E,0,2,2,8,JOKDNAQIMHELGTSBYZXURFPV,TVLZOXHMKPQYDIEARSJUFNBG,XZKVHNOELIFDSPTGYJMRQUBA,0,Hubert_14Jun2018_15-45_130soams.txt,130,3,1,1,0,0.6666666666666666
main,26,Hubert,twoCued,0,left,3,"[0, 2]",G,0,8,G,1,0,0,0,X,0,8,Y,0,2,1,-1,-999,-999,-999,-999,-999,-999,-999,-999,UYDETSLBGAHRZQFPKVXMNJOI,PYOLXZDQGABTUVFEKIRNSJMH,TEPIJBQXYKHVASOLNRUFMGZD,0,Hubert_14Jun2018_15-45_130soams.txt,130,2,1,NA,0,0.5
main,27,Hubert,allCued,0,left,3,"[1, 2, 0]",P,0,8,K,0,1,0,-3,X,0,8,I,0,2,1,8,E,0,8,E,1,0,2,0,TRIHJLFOEPYQSXZMDUKAGBVN,IOJTLPXRKQVFYSNGHZBMAUDE,ENHJBGKOIUATMPRLXSFDVYQZ,0,Hubert_14Jun2018_15-45_130soams.txt,130,3,1,0,0,0.3333333333333333
main,28,Hubert,twoCued,0,left,3,"[1, 0]",D,0,8,D,1,1,0,0,X,0,8,X,1,0,1,0,-999,-999,-999,-999,-999,-999,-999,-999,YUJEOGQFXBHRAPTIKDNZSMLV,TUOFRSEIDGJZPHMKYQXBAVNL,JMFNPSQOKTIYGAXVRZHDLUEB,0,Hubert_14Jun2018_15-45_130soams.txt,130,2,1,1,NA,1
main,29,Hubert,twoCued,0,left,3,"[0, 2]",Y,0,9,T,0,0,0,1,Q,0,9,G,0,2,1,10,-999,-999,-999,-999,-999,-999,-999,-999,BDAGPRUSOTYMIKZNVQJFXEHL,XIKBGMJULPRSNDOFVEYZHQTA,KXEIVUTROGFJMBLYZDAQHNSP,0,Hubert_14Jun2018_15-45_130soams.txt,130,2,0,NA,0,0
main,30,Hubert,twoCued,0,left,3,"[0, 1]",Q,0,9,Q,1,0,0,0,D,0,9,D,1,1,1,0,-999,-999,-999,-999,-999,-999,-999,-999,ZRNHKGAVDQOLIXTEUMYPSBFJ,XLBZIFUPJDTHEGSRKMAQYNVO,XGVTHENJLIFPYZDBMQUORKAS,0,Hubert_14Jun2018_15-45_130soams.txt,130,2,1,1,NA,1
main,31,Hubert,twoCued,0,left,3,"[1, 2]",D,0,7,D,1,1,0,0,X,0,7,X,1,2,1,0,-999,-999,-999,-999,-999,-999,-999,-999,VFQEKDXZBMTHGAJLPUNORIYS,ZRXLUTMDVNPQHYOKAIJBSGFE,PEKSHJVXYDQLOFRNAMZGITUB,0,Hubert_14Jun2018_15-45_130soams.txt,130,2,NA,1,1,1
main,32,Hubert,allCued,0,left,3,"[2, 0, 1]",Y,0,8,F,0,2,0,1,T,0,8,T,1,0,1,0,H,0,8,U,0,1,2,13,PVSYJOKUTHZXDMNFILQBGRAE,PRKLDTFXUVGYENZJQMOISHBA,ITXGSHPQFYUVDMZAJONRLEKB,0,Hubert_14Jun2018_15-45_130soams.txt,130,3,1,0,0,0.3333333333333333
main,33,Hubert,twoCued,0,left,3,"[0, 1]",M,0,6,M,1,0,0,0,I,0,6,H,0,1,1,10,-999,-999,-999,-999,-999,-999,-999,-999,HELVSPMIADUTRFOKJQNXYZGB,FDRJNTHLXUYVZMPQIESAKOGB,YZJPANKFIDXORMBQSLUVETHG,0,Hubert_14Jun2018_15-45_130soams.txt,130,2,1,0,NA,0.5
main,34,Hubert,allCued,0,left,3,"[2, 1, 0]",X,0,8,H,0,2,0,-4,N,0,8,K,0,1,1,1,O,0,8,O,1,0,2,0,QLTGMBIHONAPFYVJXDZSKUER,PXLJAESIKNQRFVBGDYMZOUTH,NTIZXBPMHJKLGASYOVUQFDRE,0,Hubert_14Jun2018_15-45_130soams.txt,130,3,1,0,0,0.3333333333333333
main,35,Hubert,twoCued,0,left,3,"[1, 2]",G,0,8,Q,0,1,0,1,Y,0,8,L,0,2,1,1,-999,-999,-999,-999,-999,-999,-999,-999,SRGUHXFVLTNIJDAQOZMPYKEB,KAUJRZVTQGNLDOPIXSFHEMBY,DUNGKETILYVZQMFRPABSHOXJ,0,Hubert_14Jun2018_15-45_130soams.txt,130,2,NA,0,0,0
main,36,Hubert,allCued,0,left,3,"[0, 1, 2]",A,0,6,N,0,0,0,1,N,0,6,T,0,1,1,16,X,0,6,N,0,2,2,6,DOSKTPNARUYHEQMXFZJVLGIB,BFRPQSTHUMAZJIXOKLVDEGNY,UVLFOGNZSRDIXYKJQHPTBMEA,0,Hubert_14Jun2018_15-45_130soams.txt,130,3,0,0,0,0
main,37,Hubert,twoCued,0,left,3,"[0, 1]",Z,0,10,I,0,0,0,1,N,0,10,M,0,1,1,-1,-999,-999,-999,-999,-999,-999,-999,-999,LGPOJMQRKUIZSVFTDBENHXAY,VOLTBASRFNMIXKZJQDHGYEPU,IBQFMUZJOVKTHPESRDXGYNLA,0,Hubert_14Jun2018_15-45_130soams.txt,130,2,0,0,NA,0
main,38,Hubert,allCued,0,left,3,"[2, 0, 1]",M,0,6,Y,0,2,0,10,G,0,6,U,0,0,1,1,R,0,6,S,0,1,2,1,IEMOTYUGJVSRNDPKAXBZLFHQ,JIMTFHSRZYKDQGXPUOBVNLEA,LNEIHOYXPQJGTZRSMDFVUBAK,0,Hubert_14Jun2018_15-45_130soams.txt,130,3,0,0,0,0
main,39,Hubert,twoCued,0,left,3,"[2, 1]",K,0,8,Y,0,2,0,4,X,0,8,K,0,1,1,-5,-999,-999,-999,-999,-999,-999,-999,-999,TXFMGRPBVYOHNJAUDLSEQIKZ,TUDXIEAHKQOSPLMNYRZFBJVG,HAZTGJXIYRPDKSELBQUFVONM,0,Hubert_14Jun2018_15-45_130soams.txt,130,2,NA,0,0,0
main,40,Hubert,twoCued,0,left,3,"[2, 0]",X,0,9,Z,0,2,0,9,G,0,9,G,1,0,1,0,-999,-999,-999,-999,-999,-999,-999,-999,UXPBFMVKEGOHDISJLQTNZYAR,RTHUYNMGJBOQVAFPXIKELSDZ,NOADGIEFLZRKBHJSPMXUYTQV,0,Hubert_14Jun2018_15-45_130soams.txt,130,2,1,NA,0,0.5
main,41,Hubert,twoCued,0,left,3,"[1, 0]",I,0,6,T,0,1,0,16,M,0,6,M,1,0,1,0,-999,-999,-999,-999,-999,-999,-999,-999,FKLAIZMSPJGDYUXOHTVENQBR,DAUJPFTLYEXHGVSBRKMOZQIN,XQPSKYRUVNTAHGEMZOBFDJIL,0,Hubert_14Jun2018_15-45_130soams.txt,130,2,1,0,NA,0.5
main,42,Hubert,allCued,0,left,3,"[2, 0, 1]",O,0,10,B,0,2,0,-10,M,0,10,M,1,0,1,0,L,0,10,L,1,1,2,0,ASZFOGIPYNMEDUKBRHLJTXVQ,JPKBZGRSUHLOEIYTFMDVAXNQ,OUXYKMJFHQBTZSAIGPNLVDER,0,Hubert_14Jun2018_15-45_130soams.txt,130,3,1,1,0,0.6666666666666666
main,43,Hubert,allCued,0,left,3,"[2, 0, 1]",R,0,9,K,0,2,0,-1,X,0,9,X,1,0,1,0,M,0,9,M,1,1,2,0,TLIYFKHDNXRMQBEVGZOAUSJP,ALFPREKSBMJHDTOZXVQNUGYI,SZUXBGEQRKLFYVMAHJNIPOTD,0,Hubert_14Jun2018_15-45_130soams.txt,130,3,1,1,0,0.6666666666666666
main,44,Hubert,twoCued,0,left,3,"[0, 2]",N,0,8,N,1,0,0,0,A,0,8,A,1,2,1,0,-999,-999,-999,-999,-999,-999,-999,-999,FZLQDIHJNSGEOKUMTVYAPBXR,KYZQHULJOIGEDRATMPVSNFBX,MXOJLSUIATFQZKDRVHPGBENY,0,Hubert_14Jun2018_15-45_130soams.txt,130,2,1,NA,1,1
main,0,Hubert,allCued,0,left,3,"[0, 1, 2]",A,0,10,A,1,0,0,0,G,0,10,G,1,1,1,0,E,0,10,D,0,2,2,8,BXDFINROTYAMPJGSKUHELVZQ,YNZOHBLQKTGPXIASJEMDUVFR,TMRFAKSULBDIXPYQJNEVOGZH,0,Hubert_14Jun2018_15-56_140soams.txt,140,3,1,1,0,0.6666666666666666
main,1,Hubert,twoCued,0,left,3,"[1, 2]",H,0,7,K,0,1,0,15,K,0,7,E,0,2,1,11,-999,-999,-999,-999,-999,-999,-999,-999,ALBSPMJFEVXRZNGHTKODYIQU,IEMSTABKOGZLPRJXYUQVDNHF,OTZUYVAEFHSNMGRBXIKDLQPJ,0,Hubert_14Jun2018_15-56_140soams.txt,140,2,NA,0,0,0
main,2,Hubert,allCued,0,left,3,"[2, 0, 1]",M,0,10,M,1,2,0,0,L,0,10,J,0,0,1,1,J,0,10,H,0,1,2,6,ZUHNOFEGIMJLKVYXQTARSDBP,MEILTGVQPFHROBDAJSUKYZXN,OJTIGRPHYAMFBUNEVQKZDXSL,0,Hubert_14Jun2018_15-56_140soams.txt,140,3,0,0,1,0.3333333333333333
main,3,Hubert,twoCued,0,left,3,"[1, 0]",J,0,7,J,1,1,0,0,V,0,7,V,1,0,1,0,-999,-999,-999,-999,-999,-999,-999,-999,SXEKPTNVUDOARIFYBMQZHLGJ,VTEXSLBJZQIONHPGDFUKYRAM,OKAIRJPUVLQDNGXHTYBMZSFE,0,Hubert_14Jun2018_15-56_140soams.txt,140,2,1,1,NA,1
main,4,Hubert,allCued,0,left,3,"[0, 1, 2]",R,0,9,R,1,0,0,0,A,0,9,A,1,1,1,0,X,0,9,H,0,2,2,5,OBKSVLUYQRENFATJZDXPIGHM,LHXYKVJRSAPMOQBUNFEDGITZ,YLAIKBSDTHZOMRXEGJFVNPQU,0,Hubert_14Jun2018_15-56_140soams.txt,140,3,1,1,0,0.6666666666666666
main,5,Hubert,twoCued,0,left,3,"[0, 2]",J,0,6,J,1,0,0,0,B,0,6,B,1,2,1,0,-999,-999,-999,-999,-999,-999,-999,-999,SGAZPYJLXQVNKOBEDUITMHFR,FEUPBVXLQTYZAMIKJGHNRODS,ZNEITQBXDYGLHJRAKMVPUOFS,0,Hubert_14Jun2018_15-56_140soams.txt,140,2,1,NA,1,1
main,6,Hubert,twoCued,0,left,3,"[1, 0]",H,0,9,H,1,1,0,0,D,0,9,D,1,0,1,0,-999,-999,-999,-999,-999,-999,-999,-999,ROJLKQFUTDHAMVSEPXGYNBZI,ZFOGRNUQSHTXVYDMJIBPAELK,YOJBPVAUEDQRHXGNIMZLKTFS,0,Hubert_14Jun2018_15-56_140soams.txt,140,2,1,1,NA,1
main,7,Hubert,allCued,0,left,3,"[1, 2, 0]",A,0,6,A,1,1,0,0,X,0,6,X,1,2,1,0,Y,0,6,Y,1,0,2,0,JGIQHBYZLXAURNKODPFTESMV,MYHDZSAXTKLNOGQURIJVEFBP,GYULSIXTQFDAOVNRBZPHMJKE,0,Hubert_14Jun2018_15-56_140soams.txt,140,3,1,1,1,1
main,8,Hubert,twoCued,0,left,3,"[2, 1]",H,0,8,F,0,2,0,1,J,0,8,J,1,1,1,0,-999,-999,-999,-999,-999,-999,-999,-999,VXNPKFJYGMIQODBHTZUSLERA,EUNLTQMIJHYDOPZSBKRXAVFG,LBUAOMZEFHKYQJXVDTPNRISG,0,Hubert_14Jun2018_15-56_140soams.txt,140,2,NA,1,0,0.5
main,9,Hubert,twoCued,0,left,3,"[0, 2]",D,0,8,D,1,0,0,0,D,0,8,D,1,2,1,0,-999,-999,-999,-999,-999,-999,-999,-999,YEJKMPFODVSHRZATGBLINXQU,GJBPKNODTRFESAUZQXHLYMIV,GUJYHMEZDBNAIOFVKXSLQRPT,0,Hubert_14Jun2018_15-56_140soams.txt,140,2,1,NA,1,1
main,10,Hubert,twoCued,0,left,3,"[1, 2]",Q,0,9,F,0,1,0,1,P,0,9,P,1,2,1,0,-999,-999,-999,-999,-999,-999,-999,-999,QUZHPIGFYXTSVADMEBNLJKOR,NZUGLYVABFQHRDOTKSEMPXIJ,NMKAFQYHOPXBDRSIEGZJULTV,0,Hubert_14Jun2018_15-56_140soams.txt,140,2,NA,0,1,0.5
main,11,Hubert,allCued,0,left,3,"[2, 1, 0]",O,0,10,E,0,2,0,1,F,0,10,F,1,1,1,0,P,0,10,U,0,0,2,1,XEODMGLTHFUPJQNVSZBIKRYA,MAKVPTRIZNFQXBGJOUEHYSDL,FQDRYXHVGZEOSTKLMNUIPABJ,0,Hubert_14Jun2018_15-56_140soams.txt,140,3,0,1,0,0.3333333333333333
main,12,Hubert,allCued,0,left,3,"[2, 0, 1]",O,0,9,Q,0,2,0,1,L,0,9,L,1,0,1,0,P,0,9,P,1,1,2,0,ZQFMDUINYLPVKGAOHRXBTEJS,ZAQNJTVGLPEHBFIRXSKUOYMD,DSIHYFBKVQONGAXRPTZJMLUE,0,Hubert_14Jun2018_15-56_140soams.txt,140,3,1,1,0,0.6666666666666666
main,13,Hubert,allCued,0,left,3,"[0, 2, 1]",I,0,9,Q,0,0,0,-2,N,0,9,V,0,2,1,9,K,0,9,E,0,1,2,2,PXFENRYIOQSZKDBLJHATVMGU,STYMJLNHFEVKRADBUZXOQIGP,JTKFIAQMZVYLSEUPGXNORBDH,0,Hubert_14Jun2018_15-56_140soams.txt,140,3,0,0,0,0
main,14,Hubert,twoCued,0,left,3,"[1, 0]",A,0,10,H,0,1,0,1,F,0,10,F,1,0,1,0,-999,-999,-999,-999,-999,-999,-999,-999,KPGSUXBNVEFILHTMJOZRDQAY,PDXLORYKTVHABUJMGZNSIFEQ,LKUTPFHDSYMJXNZROEQAIVGB,0,Hubert_14Jun2018_15-56_140soams.txt,140,2,1,0,NA,0.5
main,15,Hubert,allCued,0,left,3,"[2, 0, 1]",P,0,6,P,1,2,0,0,A,0,6,P,0,0,1,1,V,0,6,V,1,1,2,0,VHLQZNPAJITFESKMXGUDBORY,HRKXBYVDUQSFAEZIMTGNPJOL,YNDLRIPEMUSTFXVAZKQGHOBJ,0,Hubert_14Jun2018_15-56_140soams.txt,140,3,0,1,1,0.6666666666666666
main,16,Hubert,twoCued,0,left,3,"[0, 2]",L,0,10,J,0,0,0,1,P,0,10,P,1,2,1,0,-999,-999,-999,-999,-999,-999,-999,-999,EPKGHAOTQZJLFNDXBMUVIYSR,TMZFXDUQBJROGPYHLANEKSIV,RBFXJKDISNPUZMQLYAGEOHVT,0,Hubert_14Jun2018_15-56_140soams.txt,140,2,0,NA,1,0.5
main,17,Hubert,allCued,0,left,3,"[2, 1, 0]",E,0,6,U,0,2,0,12,P,0,6,B,0,1,1,1,Z,0,6,Z,1,0,2,0,IHXUYJZPQEGDNLSKTROMFVAB,TSOLUVBPHNRJFDMEGKYQZAXI,JSRAMLUOKHIZTNYDVGEXBFQP,0,Hubert_14Jun2018_15-56_140soams.txt,140,3,1,0,0,0.3333333333333333
main,18,Hubert,twoCued,0,left,3,"[1, 0]",A,0,8,A,1,1,0,0,S,0,8,S,1,0,1,0,-999,-999,-999,-999,-999,-999,-999,-999,BZVUHFOYSQPNMDXRLJGITEAK,QITFSOUGARXYEKPHLJBVDNZM,UEIGNJPQOZTADXHFRLMVBKSY,0,Hubert_14Jun2018_15-56_140soams.txt,140,2,1,1,NA,1
main,19,Hubert,allCued,0,left,3,"[1, 0, 2]",I,0,9,I,1,1,0,0,P,0,9,P,1,0,1,0,O,0,9,O,1,2,2,0,RJZYNVXHAPGIFTUMDKBOQESL,FLZOYTHUJIEBGNVXAPSKMQRD,FDKNUYRQTOGPEBLXMZSHIVJA,0,Hubert_14Jun2018_15-56_140soams.txt,140,3,1,1,1,1
main,20,Hubert,allCued,0,left,3,"[1, 2, 0]",E,0,6,E,1,1,0,0,B,0,6,E,0,2,1,7,J,0,6,J,1,0,2,0,DPSTNBJYIALOKEZHVUFRGQMX,FZKOUJEBTDQPSNHRAVIGXYLM,GHPIFREMXQNZLBOVDSYKJTUA,0,Hubert_14Jun2018_15-56_140soams.txt,140,3,1,1,0,0.6666666666666666
main,21,Hubert,twoCued,0,left,3,"[1, 0]",I,0,9,I,1,1,0,0,E,0,9,H,0,0,1,1,-999,-999,-999,-999,-999,-999,-999,-999,TVILODAMNHEXYQGKZPUBFSRJ,KSPAFJETLIBRDMYQOHVXGNUZ,YUBZFPDVKQRHOJLXTIGASMEN,0,Hubert_14Jun2018_15-56_140soams.txt,140,2,0,1,NA,0.5
main,22,Hubert,twoCued,0,left,3,"[0, 1]",Q,0,6,Q,1,0,0,0,M,0,6,M,1,1,1,0,-999,-999,-999,-999,-999,-999,-999,-999,KHJRGNQMVELFITOSBPXYDZAU,SVLFDRMKBPHAJYEGZIXNTOQU,NEQOIBDSMTYJHFVKARUZXGPL,0,Hubert_14Jun2018_15-56_140soams.txt,140,2,1,1,NA,1
main,23,Hubert,allCued,0,left,3,"[0, 2, 1]",Q,0,9,O,0,0,0,1,O,0,9,Y,0,2,1,-8,P,0,9,Y,0,1,2,6,VDMGJIETHOQFZNKSYXPULRAB,DGZONKEIRYHXBAVPTMJFSQLU,ZOUTNKGLIYAFBRJMXESDQVPH,0,Hubert_14Jun2018_15-56_140soams.txt,140,3,0,0,0,0
main,24,Hubert,twoCued,0,left,3,"[2, 1]",X,0,9,X,1,2,0,0,P,0,9,H,0,1,1,1,-999,-999,-999,-999,-999,-999,-999,-999,YTJPMERHDBKQVZXINULGAOFS,XTLQMDEFIHPYKGNVUSJZOBRA,NAREKQMILXVTGJPFHDBUZOYS,0,Hubert_14Jun2018_15-56_140soams.txt,140,2,NA,0,1,0.5
main,25,Hubert,allCued,0,left,3,"[0, 1, 2]",S,0,6,S,1,0,0,0,M,0,6,Z,0,1,1,1,X,0,6,Y,0,2,2,-3,ZJEKNPSMDBAIUQRVLYFHTGOX,DFTUBHZMSQIXGALVORYNJKPE,HFAXKSYVMGPDIRLBJTEONQUZ,0,Hubert_14Jun2018_15-56_140soams.txt,140,3,1,0,0,0.3333333333333333
main,26,Hubert,twoCued,0,left,3,"[0, 1]",H,0,8,H,1,0,0,0,A,0,8,A,1,1,1,0,-999,-999,-999,-999,-999,-999,-999,-999,DSVBTZJXHIAMERFOKPYQLGNU,VQEOUZMNABXLDYGPJTKHSRFI,PJLTKVABYDEFRHQSGMIXNZOU,0,Hubert_14Jun2018_15-56_140soams.txt,140,2,1,1,NA,1
main,27,Hubert,allCued,0,left,3,"[2, 0, 1]",N,0,6,T,0,2,0,-6,Z,0,6,N,0,0,1,1,Y,0,6,Y,1,1,2,0,PBQKFANZYDGSROHTJEUMXILV,MARPFJYZHUIETDXQNLVKSBOG,NLQGUHTXKSMBFZOJEIVYDRAP,0,Hubert_14Jun2018_15-56_140soams.txt,140,3,0,1,0,0.3333333333333333
main,28,Hubert,twoCued,0,left,3,"[2, 1]",X,0,9,X,1,2,0,0,E,0,9,E,1,1,1,0,-999,-999,-999,-999,-999,-999,-999,-999,PNHQGBDUKZEXOSYMAFTIRVJL,TIPQLXKMNEOBDHGRJVYSFZAU,NSGQHKZITXMAJPYORDUEBLFV,0,Hubert_14Jun2018_15-56_140soams.txt,140,2,NA,1,1,1
main,29,Hubert,allCued,0,left,3,"[1, 2, 0]",X,0,9,E,0,1,0,14,E,0,9,K,0,2,1,8,O,0,9,D,0,0,2,1,YGTRVKFMZDOJISQHEXUPANBL,LGITABVJPEKUNYZHOFRDQSMX,RYQXHLNOVKDUPZTSBEFAGIMJ,0,Hubert_14Jun2018_15-56_140soams.txt,140,3,0,0,0,0
main,30,Hubert,allCued,0,left,3,"[0, 1, 2]",O,0,9,O,1,0,0,0,B,0,9,R,0,1,1,1,V,0,9,Z,0,2,2,-5,ZYFSPGAVNOUJMELRTXQBKHID,ZMYESPAJQRBHNITLOVUFGDKX,MSENVTFLBZHJYPUOQAKRIXDG,0,Hubert_14Jun2018_15-56_140soams.txt,140,3,1,0,0,0.3333333333333333
main,31,Hubert,allCued,0,left,3,"[1, 0, 2]",K,0,9,A,0,1,0,6,I,0,9,K,0,0,1,1,A,0,9,F,0,2,2,13,JOLVPYSXQKIZGMNRUTDHBAFE,VQHNRPFOSADUBTGKILEMYZJX,UIBNVDOHEFQMYJSLRTKXGZAP,0,Hubert_14Jun2018_15-56_140soams.txt,140,3,0,0,0,0
main,32,Hubert,twoCued,0,left,3,"[1, 2]",I,0,9,I,1,1,0,0,Q,0,9,Q,1,2,1,0,-999,-999,-999,-999,-999,-999,-999,-999,VFTUOHYAPSNRJMKQEZLDIBGX,GBJFMKHRZIETLYOSVNAXPDQU,ORDSLXBEVQMHYPUTKJFZANGI,0,Hubert_14Jun2018_15-56_140soams.txt,140,2,NA,1,1,1
main,33,Hubert,allCued,0,left,3,"[1, 2, 0]",N,0,8,E,0,1,0,1,S,0,8,T,0,2,1,1,D,0,8,G,0,0,2,1,RTOYZIBNGDSKAEVHQXUFPMLJ,YKDSFJHOENRLTAZIVBQPMUGX,EXLJVGAQTSNBMFPIOYRZDKHU,0,Hubert_14Jun2018_15-56_140soams.txt,140,3,0,0,0,0
main,34,Hubert,twoCued,0,left,3,"[0, 1]",M,0,9,M,1,0,0,0,Y,0,9,T,0,1,1,10,-999,-999,-999,-999,-999,-999,-999,-999,NXITBJUYFMRZLQKHSEVOPDGA,DPGIFUMQHTZSVKLJERAYNOXB,RFELMDGHYPKJTOVZBQUASIXN,0,Hubert_14Jun2018_15-56_140soams.txt,140,2,1,0,NA,0.5
main,35,Hubert,allCued,0,left,3,"[2, 0, 1]",E,0,7,Q,0,2,0,12,N,0,7,N,1,0,1,0,O,0,7,L,0,1,2,-3,AMSEDHTNOUJVFLRIKPQZGXBY,TVGROPFLIJKDQHNXSAMYUZEB,NVHBTODQZIMFKSGXUAPELJYR,0,Hubert_14Jun2018_15-56_140soams.txt,140,3,1,0,0,0.3333333333333333
main,36,Hubert,allCued,0,left,3,"[0, 2, 1]",J,0,7,J,1,0,0,0,X,0,7,U,0,2,1,-1,I,0,7,I,1,1,2,0,VANEQBPJYUHMFXSRIZDTKLGO,PJQFDKSIRGTMXENVZBLOUHAY,VISFPJXURBKHLAYQENTMDZOG,0,Hubert_14Jun2018_15-56_140soams.txt,140,3,1,1,0,0.6666666666666666
main,37,Hubert,allCued,0,left,3,"[2, 1, 0]",O,0,9,O,1,2,0,0,V,0,9,V,1,1,1,0,S,0,9,S,1,0,2,0,DRKHATJIXSZEVMBOQLUPNYGF,YPZQTASJIVOGEUHBDXMLKNRF,FTGNJYRZAOHMVSUDIEBLPQKX,0,Hubert_14Jun2018_15-56_140soams.txt,140,3,1,1,1,1
main,38,Hubert,twoCued,0,left,3,"[1, 2]",N,0,8,N,1,1,0,0,B,0,8,B,1,2,1,0,-999,-999,-999,-999,-999,-999,-999,-999,QONHTEULIFVDAJRMZGPXBKYS,EHQYIARUNBZGSLOVTDFKXMJP,OLGJIQSVBRAXHMKTFEPNZYUD,0,Hubert_14Jun2018_15-56_140soams.txt,140,2,NA,1,1,1
main,39,Hubert,allCued,0,left,3,"[0, 1, 2]",G,0,8,U,0,0,0,1,D,0,8,D,1,1,1,0,U,0,8,U,1,2,2,0,ZDSEFYBVUGLATNKXIJMQHPRO,FELUBHMPDNJZXIRGYKQSTOVA,ALTIEGXSUZOYBVHFQRJNDKMP,0,Hubert_14Jun2018_15-56_140soams.txt,140,3,0,1,1,0.6666666666666666
main,40,Hubert,allCued,0,left,3,"[0, 2, 1]",V,0,6,V,1,0,0,0,T,0,6,L,0,2,1,1,E,0,6,E,1,1,2,0,HMFNDXVUGJYQKBOLAESPITRZ,GYOAQMEZVRFISXTBNUHLDKJP,VDRZGPLTQSFYMKIBUHXNEAOJ,0,Hubert_14Jun2018_15-56_140soams.txt,140,3,1,1,0,0.6666666666666666
main,41,Hubert,twoCued,0,left,3,"[0, 2]",R,0,9,R,1,0,0,0,Z,0,9,Z,1,2,1,0,-999,-999,-999,-999,-999,-999,-999,-999,DXTSUNBMPREVOAIJKHFLGZQY,ZRQDHTOSGEPKYVLIUBNXJFMA,FMDOVLURSZEKPQGBXJIYNATH,0,Hubert_14Jun2018_15-56_140soams.txt,140,2,1,NA,1,1
main,42,Hubert,allCued,0,left,3,"[2, 1, 0]",B,0,7,S,0,2,0,3,Y,0,7,K,0,1,1,5,X,0,7,N,0,0,2,1,ZLDGOJYNXPIFESUBAHKTRVQM,RNSPGFUKBLAXYVZJDOTEQHMI,KHNZFTYSOQBUMGAXDRLIJPEV,0,Hubert_14Jun2018_15-56_140soams.txt,140,3,0,0,0,0
main,43,Hubert,allCued,0,left,3,"[2, 1, 0]",G,0,7,L,0,2,0,-5,L,0,7,N,0,1,1,9,R,0,7,R,1,0,2,0,ETIYHDXRGLVNQPZMAOUJSKFB,IMEHXJONRYBSFUAPLGVDKQZT,TMGJVODLERQFKYXAINPZHSBU,0,Hubert_14Jun2018_15-56_140soams.txt,140,3,1,0,0,0.3333333333333333
main,44,Hubert,twoCued,0,left,3,"[0, 2]",A,0,7,T,0,0,0,1,T,0,7,K,0,2,1,7,-999,-999,-999,-999,-999,-999,-999,-999,YFSRENZTAOMQGBVKDPLHJXUI,VBGKXUIFOZTJDNHSRALYMPEQ,PHULIFZKBAMVEDTGNXYJQSOR,0,Hubert_14Jun2018_15-56_140soams.txt,140,2,0,NA,0,0
main,45,Hubert,twoCued,0,left,3,"[2, 1]",K,0,8,K,1,2,0,0,O,0,8,O,1,1,1,0,-999,-999,-999,-999,-999,-999,-999,-999,NDXEIFSYBZHATRVLQPMKUGOJ,XVFANUYHOIQZDRLPKJGMTBES,QRDZYSAVKLMFUJBHPENXTGIO,0,Hubert_14Jun2018_15-56_140soams.txt,140,2,NA,1,1,1
main,46,Hubert,allCued,0,left,3,"[1, 0, 2]",Y,0,10,V,0,1,0,-2,Y,0,10,Y,1,0,1,0,P,0,10,P,1,2,2,0,DZHRAJOMFKYSLGPEQBIXNTUV,UMTFBJKOYHVDQZSXGPILNREA,AFRXBJNZSTPGMYVKODQLUIEH,0,Hubert_14Jun2018_15-56_140soams.txt,140,3,1,0,1,0.6666666666666666
main,47,Hubert,twoCued,0,left,3,"[0, 2]",F,0,10,L,0,0,0,1,V,0,10,R,0,2,1,1,-999,-999,-999,-999,-999,-999,-999,-999,XRMDZPJQVYLFKOTBEIUSAGHN,EZFDIYBJSLRHANVXOGKQUTMP,DASTNXYEUJRVBFZGIQMLPOKH,0,Hubert_14Jun2018_15-56_140soams.txt,140,2,0,NA,0,0
main,48,Hubert,allCued,0,left,3,"[2, 0, 1]",K,0,7,B,0,2,0,4,V,0,7,V,1,0,1,0,J,0,7,J,1,1,2,0,YTIKSJLVGFOEHBADZXQNUMPR,HVKDFMRJQTANYGLXBSEOPIZU,ZSVLNGPBTQRKYJEDFHOMAIXU,0,Hubert_14Jun2018_15-56_140soams.txt,140,3,1,1,0,0.6666666666666666
main,49,Hubert,twoCued,0,left,3,"[2, 0]",N,0,9,N,1,2,0,0,E,0,9,E,1,0,1,0,-999,-999,-999,-999,-999,-999,-999,-999,NAGYKFZMOEVQJBPIDXHLSTRU,AMFLJHPTNKYGBIEVOSQUXDRZ,SHKDVAFPLNMGBOYRTZXEUQIJ,0,Hubert_14Jun2018_15-56_140soams.txt,140,2,1,NA,1,1
main,50,Hubert,allCued,0,left,3,"[2, 0, 1]",P,0,8,X,0,2,0,-1,E,0,8,E,1,0,1,0,X,0,8,D,0,1,2,1,GHDVPSANEYXMROBLQKUFIJTZ,PLZNFRTODXYEIASKVUJMBQGH,JKENVOUPXLMTAQRZSFHYGDBI,0,Hubert_14Jun2018_15-56_140soams.txt,140,3,1,0,0,0.3333333333333333
main,51,Hubert,twoCued,0,left,3,"[2, 1]",B,0,7,B,1,2,0,0,E,0,7,E,1,1,1,0,-999,-999,-999,-999,-999,-999,-999,-999,ROBGHDUESZLYMFJPVTINQXAK,ISOBZYVEHDJALRTNQXPGUFKM,RUSGJIKBNDVTOEHPMXYQAZLF,0,Hubert_14Jun2018_15-56_140soams.txt,140,2,NA,1,1,1
